{
    "name": "root",
    "metadata": {
        "timer_format_version": "0.1.0",
        "start_time_seconds": "1675246192",
        "python_version": "3.9.13 (main, May 24 2022, 21:28:31) \n[Clang 13.1.6 (clang-1316.0.21.2)]",
        "command_line_arguments": "/usr/local/bin/mlagents-learn KartAgent.yaml --run-id=MorePunishment --resume",
        "mlagents_version": "0.30.0",
        "mlagents_envs_version": "0.30.0",
        "communication_protocol_version": "1.5.0",
        "pytorch_version": "1.8.1",
        "numpy_version": "1.21.2",
        "end_time_seconds": "1675246346"
    },
    "total": 153.587330012,
    "count": 1,
    "self": 0.0063550019999922824,
    "children": {
        "run_training.setup": {
            "total": 0.0298016539999999,
            "count": 1,
            "self": 0.0298016539999999
        },
        "TrainerController.start_learning": {
            "total": 153.551173356,
            "count": 1,
            "self": 0.01254570799997623,
            "children": {
                "TrainerController._reset_env": {
                    "total": 13.788613351,
                    "count": 1,
                    "self": 13.788613351
                },
                "TrainerController.advance": {
                    "total": 139.663558516,
                    "count": 542,
                    "self": 0.005886750999962942,
                    "children": {
                        "env_step": {
                            "total": 139.65767176500003,
                            "count": 542,
                            "self": 139.17286996800007,
                            "children": {
                                "SubprocessEnvManager._take_step": {
                                    "total": 0.4786573269999952,
                                    "count": 542,
                                    "self": 0.034086737999937,
                                    "children": {
                                        "TorchPolicy.evaluate": {
                                            "total": 0.4445705890000582,
                                            "count": 539,
                                            "self": 0.4445705890000582
                                        }
                                    }
                                },
                                "workers": {
                                    "total": 0.0061444699999704255,
                                    "count": 541,
                                    "self": 0.0,
                                    "children": {
                                        "worker_root": {
                                            "total": 18.503205177000016,
                                            "count": 541,
                                            "is_parallel": true,
                                            "self": 1.0304600510000022,
                                            "children": {
                                                "steps_from_proto": {
                                                    "total": 0.0003065270000011111,
                                                    "count": 1,
                                                    "is_parallel": true,
                                                    "self": 0.00014594300000148053,
                                                    "children": {
                                                        "_process_rank_one_or_two_observation": {
                                                            "total": 0.00016058399999963058,
                                                            "count": 2,
                                                            "is_parallel": true,
                                                            "self": 0.00016058399999963058
                                                        }
                                                    }
                                                },
                                                "UnityEnvironment.step": {
                                                    "total": 17.472438599000014,
                                                    "count": 541,
                                                    "is_parallel": true,
                                                    "self": 0.0418692759999999,
                                                    "children": {
                                                        "UnityEnvironment._generate_step_input": {
                                                            "total": 0.03506284099999135,
                                                            "count": 541,
                                                            "is_parallel": true,
                                                            "self": 0.03506284099999135
                                                        },
                                                        "communicator.exchange": {
                                                            "total": 17.285319283000025,
                                                            "count": 541,
                                                            "is_parallel": true,
                                                            "self": 17.285319283000025
                                                        },
                                                        "steps_from_proto": {
                                                            "total": 0.11018719899999674,
                                                            "count": 541,
                                                            "is_parallel": true,
                                                            "self": 0.04981168799987401,
                                                            "children": {
                                                                "_process_rank_one_or_two_observation": {
                                                                    "total": 0.06037551100012273,
                                                                    "count": 1082,
                                                                    "is_parallel": true,
                                                                    "self": 0.06037551100012273
                                                                }
                                                            }
                                                        }
                                                    }
                                                }
                                            }
                                        }
                                    }
                                }
                            }
                        }
                    }
                },
                "TrainerController._save_models": {
                    "total": 0.08645578100001217,
                    "count": 1,
                    "self": 0.0008468110000308116,
                    "children": {
                        "RLTrainer._checkpoint": {
                            "total": 0.08560896999998135,
                            "count": 1,
                            "self": 0.08560896999998135
                        }
                    }
                }
            }
        }
    }
}