{"thisid":252,"randoms":[2.566494,0.8719254,-22.1738,55.20758,-15.50296,25.73456,-8.27314,70.12975,11.56119,-16.77833,18.63558,45.231,-14.03627,65.0798,0.216053,-18.46452,-20.6116,46.81997,-18.88857,73.65917]}