{"thisid":253,"randoms":[-2.995495,-11.80533,-2.350328,-6.68025,-20.71039,46.88151,-6.493807,65.03652,-22.19555,1.593464,0.9506931,37.01047,-14.06356,8.757468,2.575157,46.09625,-21.91902,7.817163,-10.92887,45.86391]}