{"layer": [[4, 3, 4], [4, 3, 4], [4, 3, 4], [12, 4, 3, 2]], "jumpingrate": 0.3, "lowerbound": -0.9972811451712491, "upperbound": 0.9910289674509514, "interation": 0, "individuals": [[-0.8411188850309961, 0.8036440765800861, -0.5223190392227557, -0.2868459818584066, -0.6900433069000067, -0.7542847279946183, 0.7947603147148723, 0.020164531382676376, -0.6194553735266908, -0.7565649025298495, -0.49260781527695685, -0.938703797970893, -0.10577510066764706, -0.044177474226374525, 0.6737824596761406, -0.042862476579299535, -0.93710867905454, -0.5118767343984227, -0.49229295866424994, 0.7605419316996598, 0.2896404880616028, 0.2213464612690328, 0.6853600115743699, 0.930706735708668, 0.6367903009827283, 0.3868996335266395, -0.5015064997826488, -0.32728031050768114, 0.41528299658869394, 0.9910289674509514, -0.4123550885947018, 0.3564158041962311, 0.898155089780285, 0.8633154972832351, -0.1610882872095436, 0.6430812882807933, -0.6145178806290539, 0.3966515451887491, -0.7445473806075829, -0.5401125786281595, -0.6721785107030827, 0.47310673494342814, 0.8101944097726821, 0.760032891513885, -0.7061077206246544, 0.013438835545424688, -0.42337614031424575, -0.26354073603966066, -0.17764276360099918, 0.31267671127503216, -0.9578268550766469, 0.9446377668446051, 0.3249228028667197, 0.4882491838456329, 0.05267246583900809, 0.9687675362188564, 0.07935855730018626, -0.27821311564151263, 0.12876736391308907, -0.026890104313197938, 0.6981801617857919, -0.4929438346125723, 0.6678119730594172, 0.7874978115345186, -0.6645323184546124, 0.7865779269122926, -0.0037315697848201435, -0.11125600674651848, -0.9378822940986435, -0.3589671292676797, -0.0841460136672787, -0.7340620274098808, -0.9050384355273708, -0.1927825943992807, 0.660093221893636, 0.16684086197407133, -0.15105573093825986, 0.8383537343293004, 0.038287261445488774, 0.5878808575141645, 0.2551543290888838, 0.4132035006590338, 0.9526264341082733, -0.20136893463467787, 0.37273893666039437, 0.7291131671114122, 0.11405771025998468, -0.21368911841339844, 0.7221823167760286, -0.14900151009615814, -0.714828067444973, -0.25162938963645276, -0.47566726489063704, -0.2831679216550198, -0.3656135059640453, -0.9760142891800168, -0.5396513573263113, 0.9038042612918902, -0.8391107449918811, -0.6410149994434717, 0.5674825339950413, 0.24072952610776954, -0.14622305368301847, -0.7596203366624452, -0.4341314135682446, 0.1621853995261313, 0.9604782047933271, 0.531600976095743, 0.8156406085267884, 0.9828329974456773, -0.38256270632225764, -0.2790653654848956, -0.016042425769815072, 0.9101247363306917, -0.5005442289171507, 0.5727723370003976, 0.5270671602952308, 0.045439951319792726, -0.6292933550126365, 0.28047166526148004, -0.08465085559952223, 0.9461676041852232, -0.16543258466714672, 0.921900920933628, -0.2596460864562651, -0.8200529860025247, -0.22111169237619377, -0.46971948929993945, -0.7536944077995067, -0.5430349071301259, 0.9174453463960539, 0.9237443265602556, -0.15331214194121046, -0.07740974961088609, -0.6995521199940093, -0.5831365551745418, 0.5839045068586475, 0.3140344767068106, -0.7941419544068986, -0.015549719774440529, 0.7708198784187501, -0.22887683901711675, -0.8950136166773563, 0.24193082793885412, -0.5654886399782748, 0.8290581761405542, 0.764726552780076, -0.7193087864769436, -0.15782838370964813, 0.7333909724255219, -0.870747687425228, 0.7078713932559673, -0.4112994513877861, 0.27473661013379, 0.4399670192865981, 0.9052347429653549, 0.10721369015160453, 0.9521278242846274, 0.20080690331847562, 0.7895065637331338, -0.6113666443382435, 0.528811585075607, -0.26732639537172886, -0.38041082000740833, 0.843118178620544, 0.5909622299525343, -0.9952884469136518, 0.29805275650773666], [0.2860954703999231, -0.5379226578897892, 0.4565082799588777, 0.14475006698731918, 0.05129768341236974, 0.29221046948290585, -0.6885958270833904, -0.005435642482930159, 0.2682190711901223, 0.1953030850143895, 0.19814004294553209, 0.09432426915487889, 0.06097083141962538, 0.002828780388861944, -0.3913603948240721, 0.030447055186151324, 0.9139012375073133, 0.036577294093477174, 0.4672114127211807, -0.6398291052475525, -0.2018752361829112, -0.056453480209613806, -0.5935334484588024, -0.27391382323112873, -0.10973643524853759, -0.0625094598287477, 0.07851000010300903, 0.3061694655089156, -0.41591094193785494, -0.303337350726398, 0.01832713037033917, -0.07145457048054349, -0.47018814716471374, -0.5732321340914598, 0.05166539826017681, -0.10331702174017865, 0.4905543316909684, -0.038088744488591536, 0.5716788335785551, 0.4763503266181538, 0.03177900918240403, -0.10057363280212378, -0.1874304928502417, -0.13492138280150648, 0.25693487760978934, -0.008171231059282118, 0.3843891448472352, 0.1262791554090722, 0.09333495299507251, -0.04584939978334888, 0.2964110107117612, -0.8953523338399648, -0.0696394932107401, -0.0241917394347918, -0.03172014763914586, -0.8180234856879175, -0.018366878078674764, 0.04236177236727503, -0.04790075651337339, -0.001971974507368679, -0.13891181231560715, 0.08762014340632862, -0.14885332145767563, -0.4884158149868418, 0.36565768929688863, -0.6565756053443038, -0.0008986940055950949, 0.026202702842529457, 0.6305166986853592, 0.1468915664181443, 0.005733623753861225, 0.47008767532843326, 0.07669016307247124, 0.1515923024598658, -0.037010025559594484, -0.12223444948492282, 0.12996721943053638, -0.5228442487905475, -0.029027906655131688, -0.37404903554260244, -0.22112995943497832, -0.2003944114449936, -0.2828435802315908, 0.09573421494236145, -0.15340311217984995, -0.3021668392115284, -0.06727459007244606, 0.026256674205401193, -0.0499970736984917, 0.050679422844095184, 0.2906133468695065, 0.0596936589585823, 0.38901384244130915, 0.20607958860541117, 0.21273186251462511, 0.3406281874674854, 0.3291993306014987, -0.5908669045043679, 0.3977551746803359, 0.08210375708934498, -0.4417718186195233, -0.07062684248255584, 0.10009961209523874, 0.5952319374161652, 0.30685965182950614, -0.05044440681287047, -0.6928449121102814, -0.15938840134746823, -0.47425550853303716, -0.5040381333225761, 0.13548568690910073, 0.10397556248655852, 0.00668908878367124, -0.2873375730840905, 0.43608897173533845, -0.2933516909348776, -0.498433492786232, -0.02553052385397272, 0.13507616651687407, -0.12585543459201895, 0.03568488983089289, -0.7017091526854022, 0.14935437248701258, -0.07478251463908939, 0.054166698637657905, 0.3554994525325807, 0.19029355799566927, 0.2731934042859951, 0.4742390041495977, 0.11991639348049568, -0.3630754199469368, -0.43222703434648974, 0.01855474370015732, 0.01447451289267928, 0.6569132701277983, 0.39741246171139566, -0.5253444326664988, -0.29930119733848765, 0.20675238823904485, 0.0029797442492776873, -0.4370646063811172, 0.09070672907916434, 0.7989782430000947, -0.22971763792336355, 0.13411770024629238, -0.7835273552512586, -0.5089989495931607, 0.6099807348831227, 0.0016796479299058635, -0.7186373033336099, 0.17844187331538422, -0.19880760701923558, 0.25913113416818334, -0.24756736871031954, -0.34646173384922, -0.6979289366816497, -0.037478719676432605, -0.05779904159195564, -0.13253310250017775, -0.2384604165481499, 0.2015006223727177, -0.3745724035190484, 0.127683817096414, 0.07263998371587012, -0.2038741722551653, -0.34591139895961037, 0.47440901468559277, -0.23777457374148397]], "performance": [-0.2100048, -0.2100048], "boundries": [[0.9910289674509514, -0.9952884469136518], [0.9139012375073133, -0.8953523338399648]], "elter": [[], [0]], "age": [0, 0]}