{
    "name": "root",
    "gauges": {
        "KartAgent.Policy.Entropy.mean": {
            "value": 1.3451471328735352,
            "min": 1.3427422046661377,
            "max": 1.4238299131393433,
            "count": 647
        },
        "KartAgent.Policy.Entropy.sum": {
            "value": 1357.25341796875,
            "min": 1267.847412109375,
            "max": 1589.236083984375,
            "count": 647
        },
        "KartAgent.Environment.EpisodeLength.mean": {
            "value": 42.869565217391305,
            "min": 30.303030303030305,
            "max": 64.4375,
            "count": 647
        },
        "KartAgent.Environment.EpisodeLength.sum": {
            "value": 986.0,
            "min": 909.0,
            "max": 1098.0,
            "count": 647
        },
        "KartAgent.Step.mean": {
            "value": 662497.0,
            "min": 982.0,
            "max": 662497.0,
            "count": 647
        },
        "KartAgent.Step.sum": {
            "value": 662497.0,
            "min": 982.0,
            "max": 662497.0,
            "count": 647
        },
        "KartAgent.Policy.ExtrinsicValueEstimate.mean": {
            "value": 648.099365234375,
            "min": -0.4283920228481293,
            "max": 724.6016235351562,
            "count": 647
        },
        "KartAgent.Policy.ExtrinsicValueEstimate.sum": {
            "value": 14906.28515625,
            "min": -9.4246244430542,
            "max": 16053.3125,
            "count": 647
        },
        "KartAgent.Environment.CumulativeReward.mean": {
            "value": 766.8716530592545,
            "min": 0.013566458301449364,
            "max": 983.7411905016218,
            "count": 647
        },
        "KartAgent.Environment.CumulativeReward.sum": {
            "value": 17638.048020362854,
            "min": 0.298462082631886,
            "max": 20679.219707489014,
            "count": 647
        },
        "KartAgent.Policy.ExtrinsicReward.mean": {
            "value": 766.8716530592545,
            "min": 0.013566458301449364,
            "max": 983.7411905016218,
            "count": 647
        },
        "KartAgent.Policy.ExtrinsicReward.sum": {
            "value": 17638.048020362854,
            "min": 0.298462082631886,
            "max": 20679.219707489014,
            "count": 647
        },
        "KartAgent.IsTraining.mean": {
            "value": 1.0,
            "min": 1.0,
            "max": 1.0,
            "count": 647
        },
        "KartAgent.IsTraining.sum": {
            "value": 1.0,
            "min": 1.0,
            "max": 1.0,
            "count": 647
        },
        "KartAgent.Losses.PolicyLoss.mean": {
            "value": 0.032708786660805345,
            "min": 0.008806498818254719,
            "max": 0.06079703918658197,
            "count": 319
        },
        "KartAgent.Losses.PolicyLoss.sum": {
            "value": 0.032708786660805345,
            "min": 0.008806498818254719,
            "max": 0.06079703918658197,
            "count": 319
        },
        "KartAgent.Losses.ValueLoss.mean": {
            "value": 23586.639973958332,
            "min": 0.004191615153104067,
            "max": 32610.786946614582,
            "count": 319
        },
        "KartAgent.Losses.ValueLoss.sum": {
            "value": 23586.639973958332,
            "min": 0.004191615153104067,
            "max": 32610.786946614582,
            "count": 319
        },
        "KartAgent.Policy.LearningRate.mean": {
            "value": 0.00028012677662441,
            "min": 0.00028012677662441,
            "max": 0.00029993766002077996,
            "count": 319
        },
        "KartAgent.Policy.LearningRate.sum": {
            "value": 0.00028012677662441,
            "min": 0.00028012677662441,
            "max": 0.00029993766002077996,
            "count": 319
        },
        "KartAgent.Policy.Epsilon.mean": {
            "value": 0.19337559,
            "min": 0.19337559,
            "max": 0.19997921999999999,
            "count": 319
        },
        "KartAgent.Policy.Epsilon.sum": {
            "value": 0.19337559,
            "min": 0.19337559,
            "max": 0.19997921999999999,
            "count": 319
        },
        "KartAgent.Policy.Beta.mean": {
            "value": 0.009338221440999998,
            "min": 0.009338221440999998,
            "max": 0.009997924078,
            "count": 319
        },
        "KartAgent.Policy.Beta.sum": {
            "value": 0.009338221440999998,
            "min": 0.009338221440999998,
            "max": 0.009997924078,
            "count": 319
        }
    },
    "metadata": {
        "timer_format_version": "0.1.0",
        "start_time_seconds": "1676410481",
        "python_version": "3.9.13 (main, May 24 2022, 21:28:31) \n[Clang 13.1.6 (clang-1316.0.21.2)]",
        "command_line_arguments": "/usr/local/bin/mlagents-learn configWithoutMemoryNetwork.yaml --time-scale=40 --run-id=UnityShortMemoryOf5NewMotorWholeMap --force",
        "mlagents_version": "0.30.0",
        "mlagents_envs_version": "0.30.0",
        "communication_protocol_version": "1.5.0",
        "pytorch_version": "1.8.1",
        "numpy_version": "1.21.2",
        "end_time_seconds": "1676446589"
    },
    "total": 36108.781000245,
    "count": 1,
    "self": 0.015498304994252976,
    "children": {
        "run_training.setup": {
            "total": 0.03814383599999993,
            "count": 1,
            "self": 0.03814383599999993
        },
        "TrainerController.start_learning": {
            "total": 36108.727358104006,
            "count": 1,
            "self": 14.198048439902777,
            "children": {
                "TrainerController._reset_env": {
                    "total": 7.893645861000001,
                    "count": 1,
                    "self": 7.893645861000001
                },
                "TrainerController.advance": {
                    "total": 36086.2724479421,
                    "count": 675682,
                    "self": 15.084173897543224,
                    "children": {
                        "env_step": {
                            "total": 35827.02371716741,
                            "count": 675682,
                            "self": 35358.28988720956,
                            "children": {
                                "SubprocessEnvManager._take_step": {
                                    "total": 458.90910533498857,
                                    "count": 675682,
                                    "self": 42.237908506728445,
                                    "children": {
                                        "TorchPolicy.evaluate": {
                                            "total": 416.6711968282601,
                                            "count": 662941,
                                            "self": 416.6711968282601
                                        }
                                    }
                                },
                                "workers": {
                                    "total": 9.824724622857257,
                                    "count": 675681,
                                    "self": 0.0,
                                    "children": {
                                        "worker_root": {
                                            "total": 36062.958599387915,
                                            "count": 675681,
                                            "is_parallel": true,
                                            "self": 1357.7045810741984,
                                            "children": {
                                                "steps_from_proto": {
                                                    "total": 0.00037798799999944066,
                                                    "count": 1,
                                                    "is_parallel": true,