{
    "name": "root",
    "gauges": {
        "KartAgent.Policy.Entropy.mean": {
            "value": 1.3983781337738037,
            "min": 1.3956201076507568,
            "max": 1.4290958642959595,
            "count": 253
        },
        "KartAgent.Policy.Entropy.sum": {
            "value": 1419.353759765625,
            "min": 1397.00439453125,
            "max": 1527.781005859375,
            "count": 253
        },
        "KartAgent.Environment.EpisodeLength.mean": {
            "value": 11.083333333333334,
            "min": 10.322222222222223,
            "max": 49.0,
            "count": 253
        },
        "KartAgent.Environment.EpisodeLength.sum": {
            "value": 931.0,
            "min": 923.0,
            "max": 1041.0,
            "count": 253
        },
        "KartAgent.Step.mean": {
            "value": 259066.0,
            "min": 990.0,
            "max": 259066.0,
            "count": 253
        },
        "KartAgent.Step.sum": {
            "value": 259066.0,
            "min": 990.0,
            "max": 259066.0,
            "count": 253
        },
        "KartAgent.Policy.ExtrinsicValueEstimate.mean": {
            "value": 9.396586418151855,
            "min": -0.19090579450130463,
            "max": 9.535562515258789,
            "count": 253
        },
        "KartAgent.Policy.ExtrinsicValueEstimate.sum": {
            "value": 789.313232421875,
            "min": -4.009021759033203,
            "max": 835.2281494140625,
            "count": 253
        },
        "KartAgent.Environment.CumulativeReward.mean": {
            "value": 10.024129985609935,
            "min": 0.01377089545333191,
            "max": 10.148175323009491,
            "count": 253
        },
        "KartAgent.Environment.CumulativeReward.sum": {
            "value": 842.0269187912345,
            "min": 0.31673059542663395,
            "max": 892.6964012384415,
            "count": 253
        },
        "KartAgent.Policy.ExtrinsicReward.mean": {
            "value": 10.024129985609935,
            "min": 0.01377089545333191,
            "max": 10.148175323009491,
            "count": 253
        },
        "KartAgent.Policy.ExtrinsicReward.sum": {
            "value": 842.0269187912345,
            "min": 0.31673059542663395,
            "max": 892.6964012384415,
            "count": 253
        },
        "KartAgent.IsTraining.mean": {
            "value": 1.0,
            "min": 1.0,
            "max": 1.0,
            "count": 253
        },
        "KartAgent.IsTraining.sum": {
            "value": 1.0,
            "min": 1.0,
            "max": 1.0,
            "count": 253
        },
        "KartAgent.Losses.PolicyLoss.mean": {
            "value": 0.026647077485298116,
            "min": 0.014308684272691607,
            "max": 0.047998525900766253,
            "count": 125
        },
        "KartAgent.Losses.PolicyLoss.sum": {
            "value": 0.026647077485298116,
            "min": 0.014308684272691607,
            "max": 0.047998525900766253,
            "count": 125
        },
        "KartAgent.Losses.ValueLoss.mean": {
            "value": 1.1904575775067012,
            "min": 0.0025971084154055766,
            "max": 5.306960145632426,
            "count": 125
        },
        "KartAgent.Losses.ValueLoss.sum": {
            "value": 1.1904575775067012,
            "min": 0.0025971084154055766,
            "max": 5.306960145632426,
            "count": 125
        },
        "KartAgent.Policy.LearningRate.mean": {
            "value": 0.00029226396257868,
            "min": 0.00029226396257868,
            "max": 0.0002999373000208999,
            "count": 125
        },
        "KartAgent.Policy.LearningRate.sum": {
            "value": 0.00029226396257868,
            "min": 0.00029226396257868,
            "max": 0.0002999373000208999,
            "count": 125
        },
        "KartAgent.Policy.Epsilon.mean": {
            "value": 0.19742132000000004,
            "min": 0.19742132000000004,
            "max": 0.19997910000000005,
            "count": 125
        },
        "KartAgent.Policy.Epsilon.sum": {
            "value": 0.19742132000000004,
            "min": 0.19742132000000004,
            "max": 0.19997910000000005,
            "count": 125
        },
        "KartAgent.Policy.Beta.mean": {
            "value": 0.009742389867999999,
            "min": 0.009742389867999999,
            "max": 0.009997912090000002,
            "count": 125
        },
        "KartAgent.Policy.Beta.sum": {
            "value": 0.009742389867999999,
            "min": 0.009742389867999999,
            "max": 0.009997912090000002,
            "count": 125
        }
    },
    "metadata": {
        "timer_format_version": "0.1.0",
        "start_time_seconds": "1676398394",
        "python_version": "3.9.13 (main, May 24 2022, 21:28:31) \n[Clang 13.1.6 (clang-1316.0.21.2)]",
        "command_line_arguments": "/usr/local/bin/mlagents-learn configWithoutMemoryNetwork.yaml --time-scale=40 --run-id=UnityShortMemoryOf5NewMotor",
        "mlagents_version": "0.30.0",
        "mlagents_envs_version": "0.30.0",
        "communication_protocol_version": "1.5.0",
        "pytorch_version": "1.8.1",
        "numpy_version": "1.21.2",
        "end_time_seconds": "1676410183"
    },
    "total": 11789.992715868,
    "count": 1,
    "self": 0.009807063001062488,
    "children": {
        "run_training.setup": {
            "total": 0.03926548399999996,
            "count": 1,
            "self": 0.03926548399999996
        },
        "TrainerController.start_learning": {
            "total": 11789.943643321,
            "count": 1,
            "self": 5.774790350114927,
            "children": {
                "TrainerController._reset_env": {
                    "total": 15.211340726,
                    "count": 1,
                    "self": 15.211340726
                },
                "TrainerController.advance": {
                    "total": 11768.584328991885,
                    "count": 271742,
                    "self": 5.43232764471577,
                    "children": {
                        "env_step": {
                            "total": 11658.23920420292,
                            "count": 271742,
                            "self": 11477.622345365306,
                            "children": {
                                "SubprocessEnvManager._take_step": {
                                    "total": 176.67338263233341,
                                    "count": 271742,
                                    "self": 16.63219515717452,
                                    "children": {
                                        "TorchPolicy.evaluate": {
                                            "total": 160.0411874751589,
                                            "count": 259421,
                                            "self": 160.0411874751589
                                        }
                                    }
                                },
                                "workers": {
                                    "total": 3.9434762052815096,
                                    "count": 271741,
                                    "self": 0.0,
                                    "children": {
                                        "worker_root": {
                                            "total": 11730.865944136996,
                                            "count": 271741,
                                            "is_parallel": true,
                                            "self": 539.6794033801962,
                                            "children": {
                                                "steps_from_proto": {
                                                    "total": 0.00030449800000020844,
                                                    "count": 1,
                                                    "is_parallel": true,